cookie,timestamp
AtY0laUfhglK3lC7,2018-12-09T14:19:00+00:00
SAZuXPGUrfbcn5UA,2018-12-09T10:13:00+00:00
5UAVanZf6UtGyKVS,2018-12-09T07:25:00+00:00
AtY0laUfhglK3lC7,2018-12-09T06:19:00+00:00
SAZuXPGUrfbcn5UA,2018-12-08T22:03:00+00:00
4sMM2LxV07bPJzwf,2018-12-08T21:30:00+00:00
fbcn5UAVanZf6UtG,2018-12-08T09:30:00+00:00
4sMM2LxV07bPJzwf,2018-12-07T23:30:00+00:00
AtY0laUfhglK3lC7,2018-12-07T20:15:00+00:00
SAZuXPGUrfbcn5UA,2018-12-07T18:45:00+00:00
5UAVanZf6UtGyKVS,2018-12-07T15:12:00+00:00
AtY0laUfhglK3lC7,2018-12-06T12:40:00+00:00
SAZuXPGUrfbcn5UA,2018-12-06T09:22:00+00:00
4sMM2LxV07bPJzwf,2018-12-06T07:55:00+00:00
fbcn5UAVanZf6UtG,2018-12-05T23:12:00+00:00
AtY0laUfhglK3lC7,2018-12-05T21:45:00+00:00
SAZuXPGUrfbcn5UA,2018-12-05T18:30:00+00:00
5UAVanZf6UtGyKVS,2018-12-05T15:40:00+00:00
AtY0laUfhglK3lC7,2018-12-05T12:55:00+00:00
SAZuXPGUrfbcn5UA,2018-12-04T08:12:00+00:00
4sMM2LxV07bPJzwf,2018-12-04T06:40:00+00:00
fbcn5UAVanZf6UtG,2018-12-04T04:15:00+00:00
4sMM2LxV07bPJzwf,2018-12-03T23:30:00+00:00
AtY0laUfhglK3lC7,2018-12-03T19:50:00+00:00
SAZuXPGUrfbcn5UA,2018-12-03T15:20:00+00:00
5UAVanZf6UtGyKVS,2018-12-03T13:10:00+00:00
AtY0laUfhglK3lC7,2018-12-03T09:45:00+00:00
SAZuXPGUrfbcn5UA,2018-12-02T20:30:00+00:00
4sMM2LxV07bPJzwf,2018-12-02T18:20:00+00:00
fbcn5UAVanZf6UtG,2018-12-02T14:40:00+00:00
4sMM2LxV07bPJzwf,2018-12-02T11:25:00+00:00
AtY0laUfhglK3lC7,2018-12-01T07:55:00+00:00
SAZuXPGUrfbcn5UA,2018-12-01T04:40:00+00:00
5UAVanZf6UtGyKVS,2018-12-01T01:20:00+00:00
AtY0laUfhglK3lC7,2018-11-30T22:10:00+00:00
SAZuXPGUrfbcn5UA,2018-11-30T19:30:00+00:00
4sMM2LxV07bPJzwf,2018-11-30T16:45:00+00:00
fbcn5UAVanZf6UtG,2018-11-30T14:00:00+00:00
AtY0laUfhglK3lC7,2018-11-29T09:45:00+00:00
SAZuXPGUrfbcn5UA,2018-11-29T06:30:00+00:00
5UAVanZf6UtGyKVS,2018-11-28T23:15:00+00:00
AtY0laUfhglK3lC7,2018-11-28T20:30:00+00:00
SAZuXPGUrfbcn5UA,2018-11-28T16:50:00+00:00
4sMM2LxV07bPJzwf,2018-11-28T13:45:00+00:00
fbcn5UAVanZf6UtG,2018-11-28T10:30:00+00:00
4sMM2LxV07bPJzwf,2018-11-27T08:15:00+00:00
AtY0laUfhglK3lC7,2018-11-27T05:00:00+00:00
SAZuXPGUrfbcn5UA,2018-11-27T02:20:00+00:00
5UAVanZf6UtGyKVS,2018-11-26T22:45:00+00:00
AtY0laUfhglK3lC7,2018-11-26T19:30:00+00:00
